,Total UL and DL,Dur. (ms),sessions frequency
0,-0.0182660846295845,5.431627782578856,0.046954648976560626
1,-0.00994812547428501,1.3329837218146128,-0.21017583394320533
2,1.2562534539207835,-0.24126535590766804,-0.2183576885111297
3,-1.266658061233181,-0.25382751811357945,-0.22015798369303155
4,0.010122137847893025,-0.050114715117471655,2.8077339212518924
5,-0.002853169471605753,-0.41642150865492605,-0.23255607656813318
